Employee_ID,Age,Gender,Department,Job_Role,Experience_Years,Salary,Performance_Rating
EMP1001,31,Male,Marketing,Marketing Analyst,7,72317,5
EMP1002,24,Female,Operations,Operations Executive,3,61761,3
EMP1003,28,Male,Finance,Finance Executive,5,61917,5
EMP1004,49,Male,Operations,Supervisor,10,76306,4
EMP1005,37,Female,Operations,Supervisor,5,64308,3
EMP1006,47,Male,HR,HR Executive,14,79974,4
EMP1007,37,Female,Finance,Financial Analyst,7,69767,3
EMP1008,46,Female,Finance,Accountant,15,87325,3
EMP1009,41,Male,Finance,Financial Analyst,9,79168,4
EMP1010,49,Female,Operations,Supervisor,12,78745,3
EMP1011,38,Male,Marketing,SEO Specialist,5,67208,3
EMP1012,23,Female,Finance,Financial Analyst,1,62838,3
EMP1013,22,Female,Operations,Supervisor,1,45912,3
EMP1014,37,Male,HR,Recruiter,10,73543,3
EMP1015,33,Female,Marketing,Marketing Executive,1,55087,4
EMP1016,26,Female,HR,HR Executive,5,54228,4
EMP1017,26,Female,Marketing,SEO Specialist,2,61540,4
EMP1018,48,Female,Operations,Supervisor,14,85164,4
EMP1019,44,Female,IT,System Administrator,6,84000,4
EMP1020,30,Male,Marketing,Marketing Analyst,9,76367,4
EMP1021,30,Female,HR,HR Analyst,8,72657,3
EMP1022,24,Male,Operations,Operations Analyst,3,56488,3
EMP1023,40,Female,Marketing,Marketing Executive,5,60004,3
EMP1024,37,Male,IT,Data Analyst,1,63467,2
EMP1025,37,Male,IT,Software Engineer,13,93286,3
EMP1026,24,Female,Finance,Financial Analyst,3,57622,3
EMP1027,41,Female,Finance,Accountant,15,90579,4
EMP1028,45,Female,HR,HR Analyst,5,55071,5
EMP1029,43,Male,Marketing,Marketing Analyst,6,65073,4
EMP1030,45,Female,Marketing,SEO Specialist,13,82604,3
EMP1031,22,Male,Finance,Accountant,1,53643,2
EMP1032,45,Male,Marketing,SEO Specialist,3,62379,5
EMP1033,41,Male,Marketing,Marketing Executive,12,81806,5
EMP1034,32,Female,IT,System Administrator,10,90357,3
EMP1035,38,Female,Finance,Accountant,3,68824,4
EMP1036,29,Male,Operations,Operations Executive,5,67543,2
EMP1037,25,Male,Finance,Financial Analyst,4,62440,3
EMP1038,27,Female,Operations,Operations Executive,6,61766,3
EMP1039,29,Male,IT,System Administrator,8,83644,3
EMP1040,41,Female,HR,HR Analyst,14,86518,5
EMP1041,24,Male,Marketing,Marketing Executive,3,55414,4
EMP1042,37,Female,IT,Software Engineer,5,75468,3
EMP1043,46,Male,Marketing,Marketing Executive,15,88417,4
EMP1044,24,Female,HR,Recruiter,1,57084,5
EMP1045,46,Male,HR,Recruiter,14,88144,5
EMP1046,50,Female,IT,Data Analyst,14,101787,2
EMP1047,39,Female,HR,Recruiter,14,76728,3
EMP1048,35,Male,Operations,Operations Executive,4,54365,2
EMP1049,39,Male,HR,HR Analyst,5,57992,3
EMP1050,23,Female,Marketing,Marketing Executive,2,50698,3
EMP1051,43,Male,Marketing,Marketing Executive,10,77186,4
EMP1052,24,Female,Marketing,SEO Specialist,3,66423,3
EMP1053,37,Male,Marketing,Marketing Analyst,5,57895,3
EMP1054,50,Female,Operations,Supervisor,7,67900,3
EMP1055,30,Female,Finance,Finance Executive,4,67082,3
EMP1056,25,Female,IT,Data Analyst,1,64671,3
EMP1057,22,Female,Marketing,Marketing Executive,1,51860,3
EMP1058,25,Female,HR,HR Executive,4,53502,1
EMP1059,22,Female,Marketing,Marketing Analyst,1,57511,3
EMP1060,35,Male,HR,HR Executive,7,59217,3
EMP1061,42,Male,HR,HR Analyst,10,68782,4
EMP1062,37,Male,Marketing,Marketing Analyst,10,74946,3
EMP1063,41,Female,Operations,Supervisor,6,69769,2
EMP1064,45,Female,HR,HR Analyst,5,58986,2
EMP1065,29,Female,HR,Recruiter,4,59335,5
EMP1066,28,Female,Marketing,Marketing Executive,2,54980,3
EMP1067,24,Male,HR,HR Executive,3,59832,4
EMP1068,38,Male,HR,HR Executive,15,85766,5
EMP1069,22,Female,Marketing,Marketing Executive,1,51991,2
EMP1070,37,Male,Marketing,SEO Specialist,10,77192,4
EMP1071,33,Male,IT,Software Engineer,3,76630,4
EMP1072,48,Female,Operations,Operations Analyst,10,73588,3
EMP1073,40,Male,Operations,Operations Analyst,1,53151,3
EMP1074,43,Female,HR,HR Analyst,8,64636,4
EMP1075,44,Male,Operations,Supervisor,5,66914,3
EMP1076,43,Female,HR,HR Executive,13,74667,5
EMP1077,35,Female,IT,Software Engineer,4,78808,3
EMP1078,27,Female,Marketing,Marketing Executive,6,61062,4
EMP1079,27,Female,Marketing,SEO Specialist,6,62156,3
EMP1080,34,Male,Marketing,Marketing Analyst,2,57860,4
EMP1081,40,Female,Operations,Operations Analyst,1,50661,4
EMP1082,43,Female,IT,Software Engineer,12,93305,2
EMP1083,29,Female,Operations,Operations Analyst,8,74174,1
EMP1084,48,Male,Operations,Operations Analyst,4,59541,2
EMP1085,48,Female,IT,System Administrator,8,89486,1
EMP1086,23,Male,IT,System Administrator,2,67729,2
EMP1087,42,Female,IT,System Administrator,2,72348,4
EMP1088,22,Male,IT,System Administrator,1,67830,3
EMP1089,49,Male,Marketing,Marketing Executive,12,80334,4
EMP1090,36,Female,Finance,Finance Executive,1,60424,5
EMP1091,22,Male,Finance,Accountant,1,55830,4
EMP1092,26,Female,IT,Software Engineer,5,78510,4
EMP1093,49,Female,Finance,Accountant,3,63301,4
EMP1094,50,Female,Finance,Accountant,11,81346,3
EMP1095,37,Male,IT,Data Analyst,5,77231,3
EMP1096,40,Male,Finance,Finance Executive,12,86241,3
EMP1097,25,Female,Operations,Supervisor,3,51453,3
EMP1098,24,Female,HR,HR Executive,1,46039,3
EMP1099,38,Male,HR,HR Executive,1,50556,3
EMP1100,38,Female,IT,System Administrator,8,89516,4
EMP1101,33,Female,Marketing,Marketing Analyst,10,81493,4
EMP1102,49,Female,IT,Software Engineer,11,87042,2
EMP1103,50,Male,Marketing,SEO Specialist,12,80293,3
EMP1104,35,Male,HR,Recruiter,13,87464,1
EMP1105,42,Male,IT,System Administrator,13,91691,3
EMP1106,27,Female,Operations,Operations Analyst,6,64313,3
EMP1107,24,Female,Finance,Finance Executive,3,70204,4
EMP1108,49,Female,Marketing,SEO Specialist,14,91185,3
EMP1109,30,Male,Finance,Finance Executive,2,60938,4
EMP1110,26,Female,Finance,Finance Executive,5,64181,5
EMP1111,45,Female,IT,Software Engineer,3,74909,2
EMP1112,50,Female,Finance,Financial Analyst,2,55540,4
EMP1113,38,Female,Operations,Supervisor,3,56672,4
EMP1114,35,Male,Finance,Accountant,7,77928,3
EMP1115,42,Male,IT,Software Engineer,1,66041,3
EMP1116,24,Female,Operations,Supervisor,3,61078,4
EMP1117,49,Male,HR,HR Executive,8,72911,4
EMP1118,22,Male,Finance,Financial Analyst,1,65307,4
EMP1119,41,Female,IT,Data Analyst,10,92580,5
EMP1120,50,Female,HR,Recruiter,10,76048,4
